monto_reclamado,cantidad_siniestros_previos,debt_ratio,bounced_checks,antiguedad_como_cliente_meses,zona_de_riesgo,imagenes_sospechosas,telefono_repetido_con_otro_cliente,proveedor_repetido,historial_fraude_confirmado,credit_score,fraude
40697.0,2,0.1251502412975501,0,59,0,0,0,0,0,739,0
1081241.0,2,0.2560485243075248,1,49,0,0,0,0,0,677,1
93240.0,1,0.0787684752136066,0,91,0,0,0,0,0,464,0
122962.0,1,0.13240478634605612,2,26,0,0,0,1,0,686,0
201045.0,2,0.0714882024118583,1,43,0,0,0,0,0,704,0
325399.0,1,0.10259,3,34,1,0,0,0,0,772,0
610616.0,1,0.11424499553068884,1,79,0,0,0,0,0,685,0
387956.0,1,0.0963424068261977,1,29,0,0,0,0,0,617,0
154188.0,1,0.11829292318083953,1,74,0,0,0,0,0,541,0
161933.0,3,0.15984701438023083,0,29,1,0,0,1,0,694,0
123960.0,1,0.11675837759382426,0,57,1,0,0,0,0,760,0
324879.0,2,0.10400382098873219,0,50,1,0,0,0,0,649,0
113525.0,0,0.1785795739808726,0,40,0,0,0,0,0,779,0
145198.0,0,0.24086843983727513,0,50,0,0,0,0,0,795,0
128825.0,0,0.016800041038268185,0,40,1,0,0,0,0,670,0
228730.0,1,0.10301781020624066,0,128,0,0,1,0,0,618,0
76470.0,1,0.1634678999862687,0,32,0,0,0,0,0,696,0
50109.0,1,0.03760326755808346,0,17,1,0,0,0,0,561,0
109829.0,0,0.09803936824087761,0,15,0,0,0,0,0,529,0
93355.0,2,0.11043619806414659,0,55,1,0,0,0,0,504,0
161778.0,1,0.10888859050507603,0,57,0,0,0,0,0,629,0
302851.0,0,0.0,2,82,0,0,0,0,0,451,0
175682.0,0,0.07053264906792271,0,57,1,0,0,0,0,593,0
83685.0,0,0.07568479657113203,0,54,0,0,0,0,0,682,0
100739.0,2,0.1978598911813106,0,29,1,0,0,1,0,724,0
130486.0,0,0.14438258715352667,1,25,0,0,0,0,0,830,0
316437.0,0,0.23676336648377277,0,32,0,0,0,1,0,808,0
87859.0,1,0.008128153420639411,1,42,0,0,0,0,0,770,0
74755.0,1,0.2409021772926278,0,107,0,0,0,0,0,501,0
416570.0,0,0.1737348412925189,0,92,0,1,1,0,0,604,0
1081241.0,2,0.2560485243075248,1,49,0,0,0,0,0,677,1
203433.0,2,0.18903814326793045,0,39,1,0,0,0,0,579,0
276316.0,1,0.03155531112276693,0,49,1,0,0,0,0,580,0
546158.0,0,0.0729128376766172,0,77,0,0,0,0,0,793,0
88920.0,1,0.10931194429507965,2,64,0,0,1,0,0,810,0
196017.0,2,0.11662132631672836,0,54,0,0,0,0,0,665,0
314368.0,0,0.16884131167295768,1,66,1,0,0,0,0,649,0
109798.0,0,0.0023346195720245493,2,46,1,0,1,0,0,753,0
223249.0,0,0.1638888888888889,2,31,0,0,0,0,0,860,0
71488.0,2,0.08422557552230084,0,48,0,0,0,0,0,555,0
158301.0,1,0.1174511263444583,0,64,0,0,0,0,0,649,0
589896.0,2,0.13420609806838718,0,68,0,1,0,0,0,683,0
72323.0,0,0.0,0,16,0,0,0,0,0,680,0
90307.0,0,0.09155342141878249,0,66,1,0,0,0,0,894,0
797483.0,1,0.10291123042847973,1,74,0,0,0,0,0,674,0
147366.0,0,0.11531452825121805,1,26,0,0,0,0,0,548,0
174142.0,0,0.23979346345499136,2,169,1,0,0,0,0,603,0
30288.0,0,0.0328540731083104,0,65,0,0,0,1,0,757,0
1178772.0,0,0.06532682638272701,0,110,1,0,0,0,0,501,0
354759.0,2,0.20086666666666667,0,84,0,0,0,0,0,749,0
168493.0,2,0.1467809890570786,0,56,0,0,0,0,0,694,0
583812.0,2,0.15432626279049172,0,14,0,0,0,0,0,640,0
131931.0,0,0.0,0,101,0,0,0,0,0,628,0
268380.0,1,0.12417486627143019,2,49,1,0,0,0,0,791,0
137710.0,0,0.09877165400918776,0,72,0,0,0,0,0,672,0
193150.0,1,0.16567367445536357,1,64,0,0,0,0,0,630,0
319700.0,1,0.10751226861107492,0,135,0,1,0,1,0,569,0
141339.0,1,0.0,2,94,1,0,0,0,0,615,0
228653.0,3,0.13032706557323287,0,103,0,0,0,0,0,646,0
114087.0,0,0.10648635991101744,1,59,1,0,0,0,0,784,0
205324.0,2,0.01238687454515419,0,17,1,1,0,0,0,842,0
1081241.0,2,0.2560485243075248,1,49,0,0,0,0,0,677,1
324271.0,0,0.2172342884334319,2,94,0,0,0,0,0,573,1
456340.0,1,0.0,1,79,0,0,0,0,0,832,0
1081241.0,2,0.2560485243075248,1,49,0,0,0,0,0,677,1
183404.0,1,0.06317322794750975,0,35,0,0,0,0,0,532,0
289301.0,1,0.26249331064119086,1,13,0,0,0,0,0,558,0
127269.0,1,0.0,0,46,0,0,0,0,0,580,0
35873.0,1,0.10430495013539397,2,5,0,0,0,0,0,501,0
219274.0,0,0.19149130478098675,1,54,0,0,0,0,0,597,0
60626.0,0,0.2568915731251017,0,44,0,0,0,1,0,739,0
53104.0,0,0.13954547254226551,0,36,0,0,0,0,0,540,0
76729.0,1,0.04102385345361227,1,48,0,0,0,0,0,679,0
313028.0,1,0.12047941070171371,1,17,0,1,1,0,0,280,0
131730.0,0,0.08719158069925953,0,40,1,0,0,0,0,485,0
156285.0,0,0.06396494946387266,0,37,0,0,0,0,0,657,0
307708.0,3,0.10924087005170124,0,96,0,0,0,0,0,784,0
365293.0,0,0.0,0,72,1,0,1,0,0,569,0
78218.0,2,0.0,1,52,0,0,0,0,0,510,0
324271.0,0,0.2172342884334319,2,94,0,0,0,0,0,573,1
202742.0,1,0.207269419481552,1,68,0,0,0,0,0,756,0
357882.0,0,0.1935841637263645,0,89,0,0,0,0,0,709,0
247623.0,1,0.129094084217345,0,44,0,0,0,0,0,653,0
147509.0,0,0.09861173061393459,0,15,1,0,0,0,0,511,0
133687.0,1,0.11708980978012119,0,42,0,0,0,0,0,528,0
126884.0,1,0.10236055359175604,1,73,0,0,0,1,0,746,0
720569.0,1,0.2093162605081704,0,9,1,0,0,0,0,495,0
205647.0,1,0.05609848914222791,0,56,1,0,0,0,0,491,0
309964.0,0,0.0011179170930007466,0,66,1,0,0,0,0,631,0
163896.0,0,0.04977796521868565,0,45,0,0,0,0,0,854,0
224848.0,1,0.19170333333333334,0,79,0,0,1,0,0,498,0
147695.0,0,0.15661297544484362,0,134,1,0,0,0,0,558,0
372536.0,0,0.031121213578999694,0,24,0,1,0,0,0,615,0
305542.0,0,0.009607533466554933,2,21,0,0,0,0,0,627,0
168298.0,1,0.0,0,112,0,0,1,0,0,418,0
171248.0,0,0.08719485805316905,1,58,0,0,0,0,0,548,0
125794.0,1,0.09767860998986727,0,93,0,0,0,0,0,584,0
86902.0,0,0.06295841096055306,2,78,0,0,0,0,0,478,0
152192.0,0,0.04218315181766453,0,24,1,0,0,0,0,560,0
120979.0,1,0.05635453698109142,0,48,0,0,0,0,0,563,0
224985.0,0,0.05642724887903778,0,16,0,1,0,0,0,548,0
517350.0,1,0.06512012393923278,1,46,0,0,0,0,0,605,0
263804.0,1,0.009508944385405596,0,41,0,0,0,0,0,827,0
299417.0,0,0.10595967228762329,0,19,0,0,0,0,0,604,0
150369.0,0,0.01246416904814723,1,98,0,0,0,0,0,695,0
444940.0,0,0.0,1,68,0,1,0,1,0,740,0
403032.0,3,0.10935630926331145,2,58,0,0,0,0,0,601,0
418370.0,0,0.14064735213821267,0,49,0,0,1,0,0,694,0
428765.0,1,0.04900922407899309,0,43,0,0,0,0,0,428,0
564768.0,2,0.10044970359697084,2,44,0,1,0,0,0,588,0
166754.0,3,0.12632812901515583,0,29,0,0,0,0,0,436,0
401237.0,0,0.09508943131297526,0,21,0,0,0,0,0,505,0
283935.0,0,0.03213039978535015,1,5,1,0,0,0,0,563,0
252626.0,0,0.17911003774761566,0,54,0,0,0,0,0,852,0
362045.0,0,0.0,0,74,0,0,0,0,0,550,0
234563.0,0,0.0980360300022987,1,17,0,0,1,0,0,772,0
314978.0,1,0.20648311824098317,0,46,0,0,0,0,0,546,0
324271.0,0,0.2172342884334319,2,94,0,0,0,0,0,573,1
319296.0,0,0.17052611891257974,4,151,1,0,0,0,0,511,0
244727.0,0,0.08793023503298976,1,22,0,0,0,0,0,689,0
64983.0,1,0.10764811667598158,0,28,0,0,0,0,0,520,0
112444.0,0,0.23663871118363733,1,37,1,0,0,0,0,608,0
517159.0,1,0.11501109747253886,0,66,0,0,1,1,0,450,0
224787.0,2,0.027117434994468222,1,81,0,0,0,0,0,555,0
298166.0,1,0.13697631968910393,0,55,0,0,0,0,0,682,0
262004.0,2,0.08686077407363778,1,41,0,0,0,0,0,542,0
506224.0,1,0.21888390646962083,0,29,0,0,0,1,0,376,0
112932.0,0,0.08123252803332104,0,71,1,0,1,0,0,640,0
250629.0,0,0.08913844976025144,0,71,1,0,0,0,0,561,0
1088938.0,0,0.18351413434599603,0,47,0,0,0,1,0,736,0
61912.0,0,0.22251570492564804,1,72,0,0,0,0,0,687,0
83559.0,0,0.13932142408902648,0,62,0,0,0,0,0,719,0
110828.0,1,0.043900532168334304,1,17,0,0,0,0,0,608,0
324271.0,0,0.2172342884334319,2,94,0,0,0,0,0,573,1
479500.0,3,0.03154842752586809,0,27,1,0,0,0,0,692,0
189028.0,0,0.05709347690387016,0,40,1,0,0,0,0,630,0
55470.0,0,0.06550999797381152,2,16,0,0,1,0,0,837,0
191729.0,0,0.0,0,66,1,0,0,0,0,679,0
62979.0,0,0.0002627325376801999,1,50,0,0,1,0,0,539,0
56310.0,0,0.0,0,19,0,0,0,0,0,520,0
476018.0,0,0.08538456700836425,0,65,0,0,0,0,0,568,0
200875.0,1,0.08464480781144322,1,22,0,0,0,0,0,513,0
371499.0,0,0.14535704557835483,2,18,0,0,0,0,0,684,0
247253.0,0,0.1253578626589176,0,62,0,0,0,1,0,660,0
82209.0,1,0.0,1,3,0,0,0,0,0,674,0
251205.0,0,0.052294172138740644,1,87,0,0,0,0,0,682,0
126193.0,2,0.14407819493812532,1,112,1,0,0,0,0,786,0
91875.0,3,0.1512479725472849,2,22,0,0,0,0,0,707,0
196959.0,0,0.11407624808365695,0,47,1,0,0,0,0,747,0
447793.0,1,0.04368514405256979,0,64,1,0,1,0,0,603,0
259796.0,0,0.1350310183335553,0,37,0,0,0,0,0,399,0
171925.0,0,0.10675574979147345,0,48,1,0,0,0,0,554,0
296820.0,1,0.1521425960727371,0,26,0,0,0,0,0,592,0
169631.0,1,0.09979600275477428,1,42,0,0,0,0,0,765,0
62123.0,1,0.12128556751976696,1,98,1,0,0,1,0,782,0
339775.0,1,0.0,0,32,0,0,0,0,0,505,0
208452.0,0,0.04633566409685048,0,24,0,0,0,0,0,496,0
547082.0,0,0.06948088802858132,0,11,0,0,0,1,0,662,0
76512.0,2,0.00019974219149113115,0,12,0,0,0,0,0,715,0
42414.0,1,0.01825546316289184,0,113,0,0,0,0,0,663,0
128581.0,0,0.03320053973253001,0,89,0,0,1,0,0,653,0
185283.0,1,0.16206229575681705,2,98,0,0,0,0,0,786,0
842882.0,1,0.18391579600982694,0,63,0,0,0,0,0,640,0
190147.0,2,0.012694281591876244,0,80,0,1,0,0,0,660,0
125920.0,0,0.010937974657594243,0,43,0,0,0,0,0,759,0
201818.0,1,0.04747952069171718,3,56,0,0,0,0,0,673,0
144351.0,1,0.0,1,51,0,0,0,0,0,622,0
609651.0,1,0.022053731454867033,1,60,0,0,0,0,0,804,0
444788.0,0,0.13866,0,117,0,0,0,0,0,480,0
219956.0,0,0.11184559574049786,0,36,0,0,0,0,0,772,0
105386.0,0,0.07339414862060448,1,41,0,0,0,0,0,619,0
192628.0,1,0.0336208081817629,1,44,0,0,0,0,0,675,0
197084.0,0,0.15071464220105552,0,29,0,0,0,0,0,642,0
80665.0,0,0.04047099024942452,1,52,0,0,0,0,0,701,0
175187.0,0,0.13155569225297611,0,86,1,0,0,0,0,765,0
99269.0,0,0.049020426337173705,0,18,0,0,0,0,0,627,0
300840.0,0,0.07763651505601281,1,59,0,0,0,0,0,773,0
44359.0,0,0.056798124291999263,1,101,0,0,0,0,0,598,0
308235.0,1,0.13186729339383033,0,54,0,0,0,0,0,781,0
359697.0,2,0.035579143227622644,0,27,0,0,0,0,0,703,0
274621.0,1,0.06045030262185454,0,93,0,0,0,0,0,836,0
36579.0,0,0.026053333333333335,1,47,0,0,0,0,0,591,0
420837.0,0,0.12466896104011596,0,41,0,0,0,0,0,584,0
41042.0,0,0.0,0,16,0,0,0,0,0,534,0
104519.0,0,0.11762748141875999,0,70,0,0,0,0,0,628,0
205530.0,2,0.0,1,42,0,0,0,0,0,850,0
648974.0,1,0.013339149030753063,1,42,0,0,0,0,0,688,0
260701.0,0,0.1228100331666814,1,103,0,0,0,1,0,401,0
179292.0,1,0.09959196677691608,0,108,0,0,0,1,0,585,0
301771.0,1,0.0692278552146993,0,19,0,0,0,0,0,369,0
350203.0,3,0.07529759433048197,2,35,0,0,0,0,0,423,0
72577.0,1,0.06403502969365556,0,30,0,0,0,0,0,589,0
111548.0,0,0.13941891288942548,0,59,0,0,0,0,0,770,0
44142.0,1,0.05652302874432115,0,36,0,0,0,0,0,617,0
110727.0,0,0.05440418481929189,1,19,0,0,0,0,0,448,0
175903.0,1,0.2507296128490209,0,41,0,0,0,0,0,568,0
184322.0,2,0.13076237005447966,0,68,0,0,0,0,0,561,0
707415.0,1,0.2666631428133018,0,61,0,0,0,0,0,600,0
90326.0,0,0.08449055031668923,0,52,0,1,0,0,0,797,0
136692.0,2,0.035920549674315586,1,33,0,0,0,0,0,691,0
346986.0,0,0.15899061497303202,1,37,1,0,0,0,0,583,0
65102.0,2,0.23116416322819178,0,48,0,0,0,0,0,592,0
49181.0,1,0.10487693550589675,1,4,0,0,0,0,0,497,0
150056.0,0,0.11242650777878617,0,107,0,0,0,0,0,599,0
1081241.0,2,0.2560485243075248,1,49,0,0,0,0,0,677,1
60048.0,0,0.18021178027796161,0,73,0,0,0,0,0,594,0
130716.0,0,0.19044866147898007,1,12,0,0,0,1,0,705,0
432175.0,0,0.06350320712834498,1,9,0,0,0,0,0,708,0
696158.0,0,0.11298038199720668,2,103,1,0,0,0,0,650,0
229379.0,0,0.0,0,51,0,0,0,0,0,706,0
1081241.0,2,0.2560485243075248,1,49,0,0,0,0,0,677,1
78814.0,1,0.07270465771063961,0,112,0,0,0,0,0,739,0
82908.0,1,0.029350168802297176,0,14,0,0,0,0,0,715,0
343496.0,1,0.11949087699275246,0,50,0,0,1,0,0,594,0
220008.0,0,0.10661384976525821,1,19,0,0,0,0,0,529,0
154302.0,1,0.011848360649631785,1,28,0,0,0,0,0,604,0
413365.0,1,0.003238243220821618,0,15,0,0,0,0,0,675,0
106037.0,0,0.09006557190910769,0,31,0,0,0,0,0,754,0
240099.0,1,0.2065787710245929,0,100,0,1,0,0,0,656,0
90762.0,0,0.16384732208741612,1,45,0,0,0,0,0,700,0
136866.0,1,0.14585995840224528,0,51,0,0,0,0,0,708,0
107373.0,1,0.0,0,41,0,0,1,0,0,555,0
56888.0,0,0.047313292279635016,1,25,0,0,0,0,0,371,0
201157.0,2,0.0,0,46,0,0,0,0,0,625,0
224037.0,0,0.07481976124868718,1,113,1,0,0,0,0,566,0
340779.0,0,0.017833955029614792,0,59,1,0,1,0,0,712,0
379225.0,1,0.0,1,29,1,0,0,0,0,745,0
145233.0,1,0.06475448285104991,1,73,0,0,0,0,0,917,0
320321.0,1,0.14208695365439467,0,116,0,1,0,0,0,637,0
129842.0,0,0.18190388582709993,1,38,0,0,0,1,0,754,0
552873.0,1,0.15245984978966562,2,28,1,0,0,0,0,676,0
34657.0,1,0.038557111036826186,2,90,0,0,1,0,0,654,0
288546.0,2,0.16693922703798883,2,25,0,0,0,0,0,624,0
213367.0,2,0.0,1,68,0,0,1,0,0,685,0
250305.0,0,0.15668022222906847,1,75,0,0,0,0,0,654,0
118226.0,0,0.15214385312572623,0,17,1,0,0,0,0,654,0
172850.0,2,0.226777162881818,0,30,0,0,0,0,0,521,0
562737.0,0,0.10866310764624466,0,44,0,0,0,0,0,836,0
46868.0,0,0.14500601532217458,0,52,0,0,0,0,0,828,0
115843.0,0,0.1897017809530658,1,22,0,0,0,0,0,606,0
444912.0,2,0.19300020368245438,0,98,0,0,0,0,0,598,0
58654.0,2,0.08001363132148022,1,82,1,0,0,0,0,556,0
153783.0,1,0.062187238917168375,2,95,0,0,0,0,0,626,0
35929.0,0,0.035856393561222645,0,49,1,0,0,0,0,716,0
178347.0,5,0.037432428426014686,2,59,0,0,0,1,0,848,0
228845.0,1,0.10220810456416406,0,45,0,0,0,0,0,763,0
155767.0,0,0.11687981524447191,0,137,0,0,0,0,0,691,0
486115.0,0,0.12870568087421946,0,82,0,0,0,0,0,611,0
220317.0,0,0.11401065352871821,0,152,0,0,0,0,0,900,0
460298.0,0,0.10655781515516777,0,83,0,0,0,0,0,601,0
299849.0,0,0.1652556788078547,0,18,0,0,0,0,0,661,0
55930.0,1,0.1249863861336216,0,44,1,0,0,0,0,718,0
80280.0,0,0.19686333333333333,2,35,0,0,0,0,0,618,0
246539.0,0,0.0,0,11,0,0,0,0,0,467,0
246616.0,0,0.0,2,116,1,0,0,0,0,980,0
490130.0,1,0.1767397451694071,0,35,1,0,0,0,0,822,0
317984.0,1,0.0305175916848467,1,16,0,0,0,0,0,607,0
128613.0,0,0.195513771081717,0,123,0,0,0,0,0,711,0
52611.0,1,0.08692988601719179,0,16,1,0,0,0,0,749,0
156492.0,0,0.07784785209653955,1,36,1,0,0,1,0,625,0
815592.0,1,0.10375053078556264,0,46,0,0,0,0,0,726,0
1081241.0,2,0.2560485243075248,1,49,0,0,0,0,0,677,1
70684.0,0,0.1336869515332419,0,70,1,1,0,0,0,640,0
439134.0,0,0.0,0,32,0,0,0,0,0,595,0
84553.0,1,0.028838356935549463,0,53,0,0,0,0,0,637,0
542332.0,1,0.0,1,20,0,0,0,0,0,607,0
276053.0,3,0.0,1,60,1,0,0,0,0,430,0
353359.0,2,0.1730723399975512,0,67,0,0,0,0,0,562,0
368805.0,2,0.04117312056797723,1,34,0,0,0,0,0,475,0
207168.0,1,0.11578014516799305,2,27,0,0,0,1,0,696,0
324271.0,0,0.2172342884334319,2,94,0,0,0,0,0,573,1
283154.0,1,0.12160802116975124,0,21,1,0,0,0,0,456,0
246413.0,1,0.01807656621888741,0,30,0,0,0,0,0,811,0
193384.0,0,0.11696671448091102,0,59,0,0,0,0,0,614,0
759912.0,1,0.1381,0,19,0,0,0,0,0,528,0
77228.0,2,0.18273544596759836,1,46,0,0,0,1,0,726,0
127059.0,1,0.05454419375148765,0,42,0,0,0,0,0,804,0
62503.0,1,0.026068345770042006,1,36,1,0,0,0,0,595,0
119069.0,0,0.1435181073375424,0,74,1,0,0,0,0,554,0
57230.0,0,0.018435356415021878,1,14,0,0,0,0,0,751,0
209146.0,0,0.0,1,27,0,0,0,0,0,688,0
288341.0,0,0.0684698524426137,0,80,0,0,0,0,0,659,0
177708.0,2,0.22587444365078863,0,6,1,0,1,0,0,591,0
123032.0,0,0.0878565647334295,2,111,1,0,0,0,0,774,0
326602.0,1,0.24956331086468073,0,34,0,0,0,0,0,550,0
134336.0,0,0.005890579547997315,0,35,0,0,0,0,0,722,0
492308.0,4,0.005943599523432565,0,50,0,0,0,0,0,646,0
511206.0,4,0.1454969070074029,0,43,0,0,0,0,0,696,0
215245.0,0,0.13926238604835514,0,65,1,0,0,0,0,663,0
74880.0,0,0.04136352256251588,1,67,0,0,0,1,0,555,0
211451.0,1,0.09895295997763764,0,19,0,0,0,0,0,933,0
446238.0,0,0.11797513615070622,1,58,0,0,0,0,0,838,0
324271.0,0,0.2172342884334319,2,94,0,0,0,0,0,573,1
35094.0,0,0.14374709475495068,0,18,0,0,1,0,0,784,0
164944.0,1,0.15560450735628584,1,119,1,0,0,0,0,633,0
170112.0,0,0.018953852772587508,0,83,0,0,0,0,0,755,0
48656.0,1,0.0019247520301216667,0,121,0,0,0,0,0,679,0
150298.0,0,0.0474576717865417,0,24,0,0,0,0,0,824,0
293727.0,0,0.12130514225144473,1,60,1,0,0,0,0,774,0
403119.0,1,0.0,0,80,0,0,0,1,0,642,0
102491.0,1,0.0542459519972963,1,70,0,0,0,0,0,544,0
121060.0,2,0.0,0,97,0,0,0,0,0,600,0
139013.0,0,0.14196328149582937,0,17,0,0,0,0,0,497,0
122384.0,1,0.13232499908504228,0,87,0,0,0,0,0,436,0
98500.0,1,0.11994615398362753,0,154,0,0,0,0,0,690,0
105331.0,1,0.09520828130975172,2,67,0,0,0,0,0,566,0
151189.0,0,0.09136602592399375,1,51,0,0,1,0,0,376,0
170054.0,0,0.0,1,19,0,0,1,0,0,547,0
162893.0,1,0.058333951670747695,0,117,0,0,0,0,0,780,0
191226.0,1,0.24575315318164329,0,15,0,0,1,0,0,831,0
1229751.0,0,0.24256529728110163,1,22,0,0,0,0,0,840,0
130954.0,2,0.057595550944105046,0,41,0,0,1,0,0,664,0
249719.0,0,0.03998321008823635,3,49,0,0,0,0,0,589,0
257930.0,1,0.05535094164264677,1,75,1,0,0,0,0,722,0
91753.0,0,0.15337532589374492,0,20,0,0,0,1,0,523,0
23982.0,0,0.1715630007826184,2,64,0,0,0,1,0,608,0
133344.0,0,0.04392010640054375,0,46,0,0,0,1,0,576,0
388124.0,0,0.08794692684603041,0,67,1,0,0,0,0,662,0
168556.0,1,0.06264232273661594,1,46,0,0,0,0,0,572,0
387814.0,1,0.05145453703221174,1,48,0,0,0,0,0,535,0
292928.0,1,0.15332131701059842,1,28,1,0,0,0,0,443,0
135500.0,0,0.14712161484185693,1,34,0,0,0,0,0,812,0
258670.0,0,0.1672033561125758,0,51,0,0,0,0,0,652,0
167202.0,1,0.17533670973202742,0,28,1,0,1,0,0,744,0
246879.0,2,0.08467353614387163,0,23,0,0,0,0,0,704,0
711185.0,1,0.05683731519319123,0,18,0,0,1,0,0,576,0
97831.0,2,0.1257122388860985,1,16,0,0,0,0,0,448,0
209394.0,0,0.16636203068013433,0,29,0,0,0,0,0,602,0
306601.0,1,0.15822937109306068,1,73,0,0,0,0,0,808,0
88383.0,0,0.1370053338361669,1,115,0,0,0,0,0,386,0
92303.0,0,0.0,0,48,1,0,0,0,0,688,0
118481.0,0,0.06554454951087448,0,46,0,0,0,0,0,695,0
520314.0,0,0.27254212132538386,1,75,0,0,0,0,0,515,0
761613.0,0,0.19281856148649568,0,132,1,0,0,1,0,736,0
215171.0,1,0.11408702537152403,2,54,0,0,0,0,0,647,0
131360.0,0,0.11637952990083718,0,41,0,0,0,0,0,577,0
187992.0,1,0.19878880353572556,0,23,0,0,0,0,0,583,0
43701.0,0,0.06993386429227914,0,31,0,0,0,0,0,574,0
172822.0,2,0.10516998017621552,0,44,0,0,0,0,0,728,0
267759.0,0,0.03381124824477127,1,24,0,0,0,0,0,614,0
127488.0,1,0.053995296768978275,1,80,1,0,0,0,0,741,0
275135.0,1,0.2318060637427182,0,14,0,0,0,0,0,439,0
39446.0,0,0.09510338828925,0,13,1,0,0,0,0,592,0
71405.0,2,0.10317447853274597,0,46,1,0,0,1,0,582,0
194642.0,0,0.07929719443403073,1,9,0,0,0,0,0,772,0
157442.0,1,0.01693033525743868,2,55,0,0,1,0,0,568,0
161296.0,0,0.04129452731042041,1,19,1,0,0,0,0,579,0
274194.0,0,0.03280410787708805,2,54,0,0,0,0,0,572,0
144526.0,0,0.1745951884197116,0,55,0,0,0,1,0,605,0
122200.0,2,0.0,0,58,1,0,0,0,0,841,0
50204.0,0,0.20007003301745663,2,83,0,0,0,0,0,471,0
183824.0,0,0.027038832005806996,0,19,0,1,0,0,0,700,0
52078.0,0,0.12127310139315493,1,68,0,0,0,1,0,466,0
767151.0,1,0.18340723195698855,0,63,1,0,0,0,0,581,0
142984.0,2,0.06251577776027498,1,25,0,0,0,0,0,503,0
106713.0,0,0.013674142919688577,1,83,0,1,0,0,0,771,0
300312.0,4,0.12931062546796784,2,28,0,0,0,0,0,640,0
146769.0,1,0.12439072713513642,3,24,0,0,1,0,0,658,0
129516.0,1,0.08415545337273864,0,49,0,0,0,1,0,583,0
122006.0,1,0.042918595486284565,1,48,0,0,0,0,0,425,0
26884.0,1,0.15188426636433605,0,96,0,0,0,0,0,662,0
120661.0,0,0.16745510072000647,2,44,0,0,0,0,0,670,0
292790.0,0,0.04381076445193978,1,21,0,0,0,0,0,731,0
197133.0,1,0.1315295308356963,1,72,0,0,0,0,0,576,0
1081241.0,2,0.2560485243075248,1,49,0,0,0,0,0,677,1
360052.0,1,0.09274067916246188,0,70,1,0,0,0,0,797,0
205545.0,1,0.0,1,31,0,0,0,0,0,656,0
106494.0,1,0.012356128955836772,2,27,1,0,0,0,0,698,0
520466.0,0,0.0,0,46,1,0,0,1,0,709,0
268654.0,1,0.1365282420039002,1,100,1,0,0,0,0,731,0
121193.0,0,0.22077949538717778,1,72,0,0,0,0,0,417,0
846355.0,1,0.0331053057717411,0,84,0,0,0,0,0,631,0
98724.0,1,0.15821162379906079,0,65,1,0,0,0,0,691,0
158131.0,1,0.1096219330103929,1,26,0,0,0,0,0,576,0
104893.0,0,0.1560698475708344,0,57,0,0,0,0,0,715,0
82570.0,0,0.15855613983113612,1,112,1,0,0,0,0,733,0
83189.0,0,0.002468751756472054,0,57,0,0,0,0,0,433,0
165962.0,0,0.03598751995875787,1,28,0,0,0,0,0,492,0
176910.0,0,0.08478824822368758,1,28,0,0,1,0,0,844,0
51004.0,1,0.09291826930503422,1,79,0,0,0,0,0,649,0
176479.0,0,0.0468590838008063,0,71,1,0,1,0,0,574,0
106980.0,0,0.15804001602430923,0,58,0,0,0,0,0,640,0
188889.0,0,0.0693979635431501,0,60,0,0,0,0,0,735,0
136058.0,0,0.07239990995854659,1,56,0,0,0,0,0,637,0
160639.0,1,0.12078154775914299,0,40,0,0,0,0,0,748,0
457191.0,0,0.049504407555255016,1,11,1,0,0,0,0,647,0
31306.0,1,0.11753415010651755,0,43,0,0,0,0,0,632,0
170485.0,2,0.15098152198624928,0,86,0,0,0,0,0,780,0
147975.0,0,0.0169369817410456,0,48,0,0,0,0,0,792,0
121116.0,0,0.07408908696856617,0,14,0,0,0,0,0,581,0
174071.0,1,0.07100100313227257,0,15,0,0,0,1,0,724,0
64152.0,0,0.18380123050937364,1,50,0,0,0,0,0,888,0
499783.0,0,0.1085273259911747,1,42,0,0,0,0,0,467,0
167088.0,1,0.07805783471743716,0,17,0,0,0,0,0,893,0
1205710.0,1,0.09005253623188406,0,97,0,1,0,0,0,495,0
109116.0,0,0.11994839809290121,0,39,0,0,0,0,0,902,0
371704.0,1,0.0,0,15,0,0,0,0,0,664,0
58534.0,0,0.22731506412722138,0,36,0,0,0,0,0,570,0
324271.0,0,0.2172342884334319,2,94,0,0,0,0,0,573,1
124274.0,0,0.0706016546261768,1,37,0,0,0,0,0,644,0
121255.0,0,0.1224850743693274,0,42,0,0,0,0,0,692,0
78311.0,0,0.0,0,41,0,0,0,0,0,735,0
66432.0,0,0.1835624572971932,1,42,0,0,0,0,0,514,0
44728.0,1,0.07860544033988623,0,56,1,0,0,0,0,700,0
78700.0,2,0.140724763049592,1,27,1,0,0,0,0,875,0
445953.0,1,0.07406968784971588,1,18,0,0,0,0,0,653,0
633601.0,2,0.0971304279476756,1,18,0,0,0,0,0,529,0
67300.0,2,0.11938071502639518,0,90,0,0,0,0,0,507,0
244773.0,2,0.0,0,21,0,0,0,0,0,727,0
413752.0,0,0.04386239796377966,4,91,1,0,0,0,0,578,0
284706.0,3,0.13963355828050483,1,41,0,0,1,0,0,670,0
128858.0,0,0.15290913737086118,0,116,0,0,1,0,0,582,0
593885.0,4,0.000477664901012479,0,13,1,0,0,0,0,613,0
204835.0,0,0.06982889267765409,1,114,0,0,0,0,0,782,0
337584.0,3,0.057421252761934126,0,61,0,0,0,0,0,596,0
76034.0,1,0.2509659073242677,0,185,0,0,0,0,0,941,0
480073.0,0,0.1420256998458726,0,43,0,0,0,0,0,557,0
85070.0,0,0.10140478752894368,1,16,0,0,0,0,0,577,0
283357.0,1,0.09586308233916528,1,15,0,0,0,0,0,694,0
189594.0,1,0.08882417283885703,0,53,1,0,0,0,0,689,0
158581.0,1,0.2270482643388053,0,60,0,0,0,0,0,778,0
157928.0,4,0.0,0,53,0,0,0,0,0,631,0
792341.0,1,0.03826122594914922,1,53,1,0,1,0,0,725,0
184348.0,1,0.11568668577687664,0,100,0,0,0,0,0,598,0
436139.0,1,0.0,0,52,0,0,1,0,0,510,0
423159.0,0,0.12482246249568782,0,18,0,0,0,0,0,477,0
214282.0,1,0.05402077138658191,0,113,0,0,1,0,0,563,0
519957.0,0,0.0,1,72,0,0,0,0,0,827,0
261732.0,0,0.07192291723841894,2,112,1,0,0,0,0,855,0
142266.0,0,0.058518547250559196,0,68,0,0,0,0,0,603,0
48370.0,0,0.0,1,88,0,0,0,0,0,666,0
324271.0,0,0.2172342884334319,2,94,0,0,0,0,0,573,1
466917.0,0,0.1682701417310899,1,104,0,0,0,0,0,582,0
82965.0,1,0.0,0,36,1,0,0,0,0,375,0
453819.0,0,0.19144515121080236,2,26,0,0,0,0,0,696,0
155648.0,1,0.09907419967444384,0,27,0,0,0,0,0,686,0
324271.0,0,0.2172342884334319,2,94,0,0,0,0,0,573,1
232463.0,1,0.23272676513882545,0,82,0,0,0,0,0,394,0
335702.0,1,0.060772414791740614,0,21,1,0,0,0,0,504,0
391677.0,0,0.04731738189030331,1,20,0,0,0,1,0,734,0
390752.0,0,0.1577475180989802,2,36,0,0,0,0,0,683,0
427657.0,0,0.0660614609131117,1,155,0,0,0,0,0,598,0
372081.0,0,0.0,1,88,0,0,0,0,0,763,0
458452.0,0,0.0674355151065649,0,49,1,0,0,0,0,474,0
183939.0,2,0.043035605095670795,2,42,1,0,0,0,0,479,0
72723.0,0,0.058451112140871175,1,125,1,0,0,0,0,645,0
1081241.0,2,0.2560485243075248,1,49,0,0,0,0,0,677,1
436158.0,0,0.1483292222996765,1,88,0,0,0,0,0,677,0
424635.0,0,0.15368736507755365,1,19,0,0,0,0,0,701,0
580039.0,1,0.21015303557660697,0,206,0,0,0,0,0,593,0
353985.0,1,0.10407839049254668,0,18,0,0,0,1,0,484,0
118223.0,4,0.09797450581505662,0,25,0,1,0,0,0,551,0
323861.0,1,0.19107310136605946,3,21,1,0,0,0,0,764,0
282295.0,0,0.007776818922751611,0,66,0,0,0,0,0,626,0
604718.0,0,0.11073060186575127,1,26,1,0,0,0,0,463,0
131780.0,0,0.20015551433400658,0,8,0,0,0,1,0,613,0
1081241.0,2,0.2560485243075248,1,49,0,0,0,0,0,677,1
226310.0,2,0.047231722905777894,0,63,1,0,0,0,0,601,0
317821.0,0,0.26579514127793874,1,47,0,0,0,0,0,534,0
184794.0,1,0.08400880616431503,1,67,0,0,1,0,0,766,0
161471.0,2,0.08655034106816378,0,44,0,0,0,0,0,720,0
89402.0,0,0.022620406999706966,0,13,0,0,0,1,0,380,0
296286.0,1,0.12128723386178654,0,15,0,0,0,0,0,463,0
106936.0,1,0.0028251618209777203,1,22,0,0,0,1,0,795,0
195860.0,1,0.248430363540115,0,11,0,0,0,0,0,456,0
281683.0,2,0.015316013786721445,1,46,0,0,1,0,0,745,0
138788.0,1,0.16357886696846066,1,38,0,0,0,0,0,783,0
132860.0,1,0.1493369013842318,1,17,0,0,0,0,0,705,0
147909.0,2,0.1249654915799455,0,34,1,0,0,0,0,643,0
282306.0,2,0.27831696215569407,0,9,0,0,0,0,0,788,0
336882.0,2,0.13983019410362704,1,88,0,0,0,1,0,583,0
193623.0,0,0.0937723472985969,2,32,0,0,0,0,0,567,0
134615.0,1,0.10940904816154264,2,32,1,0,0,0,0,504,0
179804.0,1,0.0,1,46,0,0,0,0,0,652,0
272092.0,1,0.14896286243266565,0,43,0,0,0,1,0,522,0
139767.0,0,0.12874666666666668,0,72,1,0,0,1,0,496,0
131467.0,0,0.016397633254150844,1,71,0,0,0,0,0,620,0
94282.0,1,0.08104616496521817,0,58,0,0,0,0,0,677,0
262129.0,0,0.0,0,87,0,0,0,0,0,563,0
201753.0,0,0.15324303044964407,0,10,0,0,0,0,0,682,0
86120.0,0,0.0,0,61,1,0,0,0,0,689,0
194137.0,2,0.03383822912796849,0,35,0,0,0,0,0,771,0
154247.0,1,0.0,0,40,0,0,0,0,0,423,0
108938.0,0,0.02538772524675898,1,43,0,0,0,0,0,848,0
457768.0,4,0.1808627006510451,2,23,1,0,0,0,0,817,0
254204.0,1,0.008711520871773036,1,129,0,0,0,0,0,549,0
249229.0,2,0.1406911729716869,2,12,1,0,0,0,0,496,0
1081241.0,2,0.2560485243075248,1,49,0,0,0,0,0,677,1
703308.0,1,0.16703207515295743,0,12,1,0,0,0,0,573,0
439506.0,1,0.0,0,30,0,0,0,0,0,765,0
368495.0,0,0.10341858003476079,0,42,1,0,0,0,0,848,0
513577.0,1,0.06415452204556887,0,55,0,0,0,0,0,816,0
88483.0,1,0.04606561148721052,0,33,0,0,0,0,0,665,0
489833.0,0,0.07374774456734919,2,56,0,1,0,0,0,619,0
127830.0,0,0.13997395277338912,2,68,0,0,0,0,0,686,0
382976.0,1,0.0970318766234472,1,53,0,0,0,0,0,796,0
206965.0,0,0.14827150026431235,1,81,1,0,0,0,0,513,0
38288.0,0,0.15387199910622162,1,30,0,0,0,0,0,615,0
150677.0,1,0.09236761323162336,2,21,0,0,0,0,0,850,0
210099.0,0,0.07523647208266852,1,85,1,0,0,0,0,525,0
457499.0,0,0.040256588927395386,0,138,0,0,0,0,0,680,0
86302.0,1,0.21829970560338988,0,76,0,0,0,0,0,739,0
120974.0,1,0.08795365713192639,1,25,0,0,0,1,0,709,0
81617.0,0,0.0,0,35,0,1,0,0,0,617,0
163215.0,0,0.1294236904255343,0,36,0,0,0,0,0,681,0
57536.0,2,0.0,0,57,1,0,0,0,0,691,0
157351.0,2,0.0,0,10,0,0,0,0,0,655,0
391480.0,2,0.10347719756684709,1,32,0,0,0,0,0,518,0
255480.0,1,0.19690211566486973,1,93,0,0,0,0,0,741,0
210203.0,0,0.13057925590574032,0,31,1,0,0,0,0,574,0
299830.0,0,0.12762959004871663,0,38,1,0,0,1,0,645,0
157634.0,1,0.09703887106265335,1,24,0,0,0,0,0,584,0
136300.0,0,0.15266222371476817,3,23,0,0,0,0,0,523,0
76708.0,1,0.17006512574855145,0,115,1,0,0,0,0,584,0
396210.0,0,0.20197024731198357,1,69,0,0,0,0,0,458,0
211527.0,1,0.06796656533530687,0,25,1,0,0,0,0,449,0
324271.0,0,0.2172342884334319,2,94,0,0,0,0,0,573,1
355067.0,1,0.10614947494350659,0,26,1,0,0,0,0,663,0
199870.0,1,0.015226666666666666,2,27,0,1,0,0,0,574,0
138031.0,0,0.1628313331576692,0,51,0,0,1,0,0,626,0
123138.0,1,0.09285089372719449,0,66,0,0,0,1,0,854,0
459170.0,0,0.07631964794974753,0,51,0,0,0,0,0,638,0
177373.0,4,0.0,0,70,1,0,0,1,0,716,0
86704.0,0,0.09189626316362476,0,52,0,1,0,0,0,708,0
301990.0,0,0.21427745783522473,0,83,1,0,0,0,0,724,0
139748.0,0,0.02916355507397049,1,60,1,0,0,0,0,803,0
128709.0,0,0.12981121429484363,1,37,0,0,0,0,0,532,0
107925.0,1,0.18664670950155762,0,78,1,0,0,0,0,743,0
1081241.0,2,0.2560485243075248,1,49,0,0,0,0,0,677,1
347979.0,2,0.13020524293320093,0,69,0,0,0,0,0,879,0
51683.0,0,0.11607491338365188,0,63,0,0,0,0,0,848,0
94029.0,1,0.0018253656274883332,0,53,0,0,0,0,0,544,0
159783.0,0,0.05291207349949192,0,55,0,0,0,0,0,724,0
54407.0,0,0.04268912747732043,1,33,1,0,0,0,0,559,0
454780.0,0,0.02173974134314487,0,19,1,0,0,0,0,613,0
124844.0,0,0.19684687963617709,1,45,1,0,0,1,0,544,0
247506.0,1,0.039626161054933766,0,69,1,1,0,0,0,798,0
324271.0,0,0.2172342884334319,2,94,0,0,0,0,0,573,1
59648.0,1,0.03458421664999665,0,64,0,0,0,0,0,719,0
120360.0,0,0.2556001123181411,1,111,0,0,0,0,0,761,0
249095.0,1,0.14522652439909908,0,140,1,0,0,0,0,433,0
231651.0,1,0.09634149038514701,0,43,0,0,0,0,0,527,0
324271.0,0,0.2172342884334319,2,94,0,0,0,0,0,573,1
361493.0,0,0.25026155947571854,0,56,0,0,0,0,0,746,0
125731.0,2,0.06468892943957613,0,20,0,1,0,0,0,636,0
324271.0,0,0.2172342884334319,2,94,0,0,0,0,0,573,1
423036.0,0,0.04642425393494862,0,63,0,0,0,0,0,615,0
70676.0,2,0.13340811827259758,0,46,0,0,0,0,0,847,0
64099.0,1,0.0,1,23,0,0,0,0,0,712,0
269624.0,2,0.08856622958863779,0,117,0,0,0,0,0,602,0
324271.0,0,0.2172342884334319,2,94,0,0,0,0,0,573,1
324271.0,0,0.2172342884334319,2,94,0,0,0,0,0,573,1
260930.0,1,0.1121351340447421,2,65,0,0,0,0,0,768,0
324271.0,0,0.2172342884334319,2,94,0,0,0,0,0,573,1
302552.0,0,0.1827876789084618,0,153,0,0,0,0,0,746,0
121049.0,0,0.1902467315363197,2,74,1,0,0,0,0,650,0
181025.0,1,0.2081724796995466,0,29,1,0,1,0,0,473,0
71517.0,1,0.12306004578881642,0,66,0,0,0,0,0,547,0
170036.0,1,0.19841852235639112,1,23,0,0,0,0,0,551,0
39806.0,0,0.09809190101850003,0,32,0,0,0,0,0,743,0
324271.0,0,0.2172342884334319,2,94,0,0,0,0,0,573,1
164828.0,1,0.01744621764212418,2,54,1,0,0,0,0,583,0
324271.0,0,0.2172342884334319,2,94,0,0,0,0,0,573,1
308960.0,2,0.025116913003333827,0,21,0,1,0,0,0,829,0
110980.0,0,0.1735616839928636,1,18,0,0,0,0,0,695,0
266510.0,0,0.05387871447332868,0,151,0,0,0,0,0,435,0
255532.0,0,0.14458970184700629,1,46,0,0,0,0,0,638,0
141085.0,1,0.0,1,45,0,0,0,0,0,620,0
41569.0,1,0.12107626108200631,0,50,0,0,0,0,0,797,0
147455.0,0,0.06236350712244652,0,29,0,0,0,0,0,508,0
188861.0,0,0.17819715036597816,1,36,1,0,0,0,0,626,0
621297.0,0,0.12996138419525516,0,25,0,0,0,0,0,637,0
329105.0,0,0.09280666317910563,0,106,0,0,0,0,0,594,0
203520.0,1,0.03796359612358642,1,17,1,0,0,0,0,453,0
164603.0,2,0.06511006527209755,0,62,0,0,0,0,0,551,0
73340.0,1,0.05620267164155607,0,34,0,0,0,0,0,483,0
150919.0,1,0.010226666666666667,2,13,1,1,0,0,0,520,0
205189.0,1,0.0713696121732918,0,11,0,0,0,0,0,660,0
224669.0,3,0.18091764742236474,0,43,0,0,0,1,0,695,0
192105.0,0,0.0,0,37,1,0,0,0,0,708,0
230931.0,0,0.16855161475095506,1,28,0,0,0,1,0,698,0
159958.0,1,0.0,0,47,0,0,0,0,0,641,0
211919.0,1,0.14478262795256636,1,64,0,0,0,0,0,642,0
99194.0,1,0.17720941190328945,1,47,0,0,0,0,0,635,0
429970.0,0,0.06861370409558487,2,46,1,0,0,0,0,514,0
183287.0,1,0.16337315053159837,0,56,0,0,0,0,0,807,0
123215.0,1,0.1009257020301313,0,11,0,0,0,0,0,717,0
469739.0,0,0.09769388434567285,1,4,0,0,0,0,0,559,0
360362.0,0,0.3449141420213192,1,26,0,0,0,0,0,797,0
212714.0,1,0.12407564108987598,0,85,0,0,0,1,0,771,0
220477.0,2,0.031111968780822504,1,100,0,0,0,1,0,651,0
36076.0,0,0.0,0,54,0,0,0,0,0,706,0
164353.0,1,0.0577240214724013,2,46,1,0,0,0,0,800,0
277754.0,0,0.0696948433173448,1,55,0,0,0,0,0,685,0
173936.0,1,0.12776110680096106,1,44,0,0,0,0,0,631,0
84070.0,0,0.06895316679512173,0,41,0,0,0,1,0,629,0
166315.0,0,0.06205828011274636,0,36,0,0,0,0,0,734,0
119628.0,2,0.0,0,47,1,0,0,0,0,620,0
266222.0,1,0.19350759990902466,0,26,0,0,0,0,0,707,0
270970.0,2,0.17739683386695126,0,25,1,0,0,0,0,740,0
102028.0,0,0.00489317454572612,0,31,0,0,0,0,0,474,0
135708.0,1,0.11017114710017335,0,31,0,0,0,1,0,811,0
79426.0,1,0.19427369243671852,0,64,1,0,0,0,0,608,0
1081241.0,2,0.2560485243075248,1,49,0,0,0,0,0,677,1
147745.0,1,0.08237652480891741,0,66,0,0,0,0,0,618,0
89676.0,0,0.1504262820120021,0,84,0,0,0,0,0,644,0
278818.0,2,0.08497703448531319,1,10,0,0,0,0,0,716,0
142242.0,1,0.04763089385619364,0,17,0,0,0,0,0,719,0
250778.0,0,0.026133996656564844,2,49,1,0,0,0,0,637,0
173886.0,0,0.12079504706775901,2,59,1,0,0,0,0,735,0
317490.0,1,0.15432851061439512,2,32,1,0,0,0,0,509,0
113794.0,0,0.12116033904707937,0,107,0,0,0,0,0,823,0
302059.0,0,0.16374738012746481,0,79,0,0,0,0,0,480,0
144058.0,1,0.23148318750410635,1,25,1,0,0,0,0,692,0
324271.0,0,0.2172342884334319,2,94,0,0,0,0,0,573,1
212958.0,0,0.10686587327539794,1,78,0,0,0,0,0,573,0
299703.0,1,0.06801743456043191,1,53,0,0,1,0,0,607,0
284475.0,1,0.13506254447911534,1,59,1,0,0,0,0,648,0
102532.0,1,0.041245713472520026,1,68,0,0,0,1,0,630,0
96816.0,0,0.1475710456692777,2,66,0,0,0,1,0,698,0
131700.0,3,0.10806591698665204,0,100,0,0,0,0,0,641,0
266998.0,0,0.09352758035661576,1,47,0,0,0,0,0,476,0
92851.0,0,0.043518437513669565,0,62,0,0,0,0,0,543,0
220192.0,1,0.07646561596771555,1,12,1,0,0,0,0,681,0
371416.0,2,0.007150199365016206,1,41,0,0,0,0,0,787,0
61337.0,0,0.1621361802999227,0,48,0,0,0,0,0,675,0
86117.0,2,0.08481218995543767,0,66,0,0,0,0,0,736,0
92321.0,0,0.04194519374461646,0,103,0,0,0,0,0,468,0
145487.0,1,0.07229302920812958,0,35,1,0,0,0,0,572,0
1081241.0,2,0.2560485243075248,1,49,0,0,0,0,0,677,1
189791.0,0,0.09404820047506125,0,57,0,0,0,0,0,621,0
193770.0,1,0.13430259012446652,0,119,0,0,0,0,0,577,0
118647.0,2,0.06171842093280056,2,55,0,0,0,0,0,614,0
756041.0,0,0.15804847656425286,0,110,0,0,0,0,0,564,0
113459.0,0,0.0453535777917824,1,66,0,0,0,0,0,624,0
324271.0,0,0.2172342884334319,2,94,0,0,0,0,0,573,1
589267.0,0,0.04962460686658432,0,53,0,0,0,0,0,791,0
278382.0,1,0.30222553571305016,1,35,1,0,0,0,0,646,0
268841.0,1,0.18585222214613437,0,85,0,0,0,0,0,686,0
204721.0,2,0.0,1,15,0,0,0,0,0,496,0
1081241.0,2,0.2560485243075248,1,49,0,0,0,0,0,677,1
135407.0,2,0.21026201667412572,0,37,1,0,0,0,0,392,0
416045.0,0,0.008054976240949103,1,109,0,0,0,0,0,669,0
246414.0,2,0.19846068432620714,1,135,0,0,0,0,0,435,0
584928.0,1,0.01599523063326347,0,74,0,0,0,0,0,719,0
86828.0,4,0.1630726307525733,0,91,0,0,0,0,0,478,0
731423.0,1,0.20099266814243297,0,28,0,0,0,0,0,295,0
139840.0,0,0.12678985900823656,1,54,1,0,0,0,0,684,0
89647.0,0,0.09809308754387888,0,86,1,0,0,0,0,528,0
107759.0,2,0.0629797688366644,0,80,0,0,0,0,0,655,0
245491.0,1,0.0,0,94,0,0,0,0,0,484,0
71552.0,1,0.10427972844327396,2,77,0,0,0,0,0,628,0
340253.0,0,0.05988333333333333,0,11,1,0,0,0,0,554,0
195445.0,0,0.06730279338618811,0,15,0,0,1,0,0,609,0
130008.0,0,0.20096113190813558,0,113,1,0,0,0,0,656,0
230460.0,0,0.04882820197529696,3,70,1,0,0,1,0,688,0
63427.0,0,0.19385009915541732,3,79,1,0,0,0,0,595,0
253946.0,3,0.07330809357222984,0,39,1,0,0,0,0,788,0
76953.0,1,0.08831068353067816,0,25,0,0,0,0,0,617,0
116883.0,2,0.04371106271805702,0,43,1,0,0,0,0,528,0
495941.0,0,0.03869940924696632,1,32,0,0,0,0,0,870,0
63601.0,0,0.0066859849753895745,0,63,1,1,0,0,0,603,0
286208.0,0,0.11203104344258559,1,34,0,0,0,1,0,880,0
173317.0,1,0.19554992683900146,2,10,1,0,0,0,0,553,0
209033.0,0,0.11340203088836723,1,57,0,0,0,0,0,777,0
568639.0,0,0.13780045992050513,3,40,0,0,0,0,0,505,0
354085.0,0,0.0,0,73,1,0,1,0,0,635,0
293187.0,0,0.11564511726302859,0,36,0,0,0,0,0,555,0
123276.0,1,0.08823772629543401,1,76,1,0,0,0,0,597,0
253639.0,1,0.17300602906556434,2,79,0,0,0,0,0,690,0
159579.0,2,0.10306303003973318,1,78,0,0,0,0,0,707,0
1081241.0,2,0.2560485243075248,1,49,0,0,0,0,0,677,1
287831.0,1,0.12134498911273353,0,22,0,0,0,0,0,575,0
193934.0,1,0.12835954521768628,0,43,0,0,0,0,0,729,0
251677.0,2,0.31044333333333335,0,36,0,0,0,0,0,652,0
823582.0,1,0.13397254267017472,1,37,0,0,0,0,0,527,0
206136.0,2,0.07436214495987309,0,88,0,0,0,0,0,682,0
734801.0,1,0.0009107923411002828,0,38,0,0,0,0,0,609,0
52509.0,1,0.15853491050859472,3,31,0,0,0,0,0,469,0
58459.0,1,0.062317739224990114,0,135,1,0,0,0,0,678,0
87526.0,0,0.027165024694736566,1,78,1,0,0,0,0,663,0
108068.0,0,0.2572737020417725,0,51,0,0,0,0,0,476,0
262874.0,1,0.20680550696208944,0,76,1,1,0,0,0,678,0
88987.0,0,0.035228995720248076,2,10,1,0,0,1,0,625,0
155344.0,0,0.10550325862292716,1,82,0,0,1,0,0,593,0
168828.0,1,0.0,1,118,0,0,0,0,0,834,0
148880.0,0,0.0,1,86,0,0,0,0,0,845,0
128987.0,0,0.21648,0,38,0,0,0,0,0,589,0
627118.0,1,0.11311497242860624,2,75,1,0,0,0,0,702,0
196288.0,0,0.09615989900387382,0,52,0,0,0,0,0,560,0
242362.0,1,0.07059014226668721,0,66,0,0,0,0,0,831,0
465937.0,4,0.04125238801506357,1,17,1,0,0,0,0,779,0
97779.0,0,0.12179651850921559,0,51,0,0,0,1,0,718,0
321054.0,1,0.1073379681763751,0,85,0,0,0,1,0,833,0
199371.0,0,0.20463169790497357,0,11,0,0,0,0,0,719,0
276063.0,0,0.1268070110990971,0,75,0,0,0,0,0,510,0
377136.0,1,0.16675110501204743,1,160,0,0,0,0,0,601,0
66450.0,1,0.025481957538223184,2,19,0,0,0,0,0,530,0
352148.0,1,0.0,0,50,1,0,0,0,0,782,0
407875.0,0,0.1685245722874931,1,29,1,0,0,0,0,756,0
270879.0,2,0.11117864591997338,0,18,0,0,0,0,0,638,0
410387.0,1,0.16694068072039359,0,12,0,0,0,0,0,723,0
208731.0,1,0.08101602259984474,0,46,0,0,0,0,0,578,0
260072.0,0,0.07184260034525175,1,43,0,0,0,0,0,731,0
196419.0,0,0.22955131481797011,2,21,0,0,0,0,0,520,0
66303.0,1,0.0,1,58,0,0,0,1,0,843,0
98785.0,3,0.1385914553839421,1,78,0,0,0,1,0,939,0
170301.0,0,0.27357232402443254,2,72,1,0,0,0,0,621,0
212339.0,0,0.21364881399293678,0,42,1,0,0,0,0,682,0
165550.0,1,0.21979624680288531,2,54,1,0,0,0,0,547,0
189521.0,1,0.0,1,86,0,0,0,0,0,667,0
73090.0,1,0.11725112703107814,0,47,0,0,0,0,0,681,0
292900.0,0,6.091974189523753e-07,0,64,0,0,0,0,0,497,0
406794.0,0,0.08342271228044934,1,55,0,0,0,0,0,512,0
77013.0,1,0.06361048455709226,2,61,1,0,0,0,0,614,0
150452.0,1,0.15750339305923053,0,24,0,0,0,0,0,624,0
206672.0,0,0.02392566782810685,1,34,1,0,0,0,0,750,0
82059.0,0,0.0,0,35,0,0,1,0,0,842,0
657535.0,0,0.2560762477121298,0,14,0,0,0,0,0,706,0
260640.0,2,0.167050023311717,1,45,0,0,0,0,0,721,0
70069.0,0,0.006587894294045108,1,26,1,0,0,0,0,677,0
278231.0,0,0.05067531517576696,0,83,0,0,0,0,0,423,0
202895.0,0,0.02678877106684483,1,42,0,0,1,0,0,835,0
180354.0,0,0.0,1,31,0,0,0,0,0,511,0
43660.0,0,0.03602464025525832,0,12,0,0,0,0,0,745,0
219150.0,0,0.030263773591445556,0,41,0,0,0,1,0,596,0
542083.0,1,0.09417475059883812,0,50,0,0,0,1,0,657,0
68463.0,0,0.08216502865094019,0,52,0,0,0,0,0,610,0
582317.0,0,0.08660365370723344,1,41,1,0,1,0,0,703,0
218484.0,0,0.10724038126411177,0,50,0,0,0,0,0,638,0
51823.0,0,0.022503886333091205,0,60,0,0,1,0,0,723,0
170686.0,1,0.0,0,21,0,0,0,0,0,728,0
123451.0,1,0.154874461013295,0,37,1,0,0,0,0,557,0
126570.0,1,0.13646218721406692,0,41,0,0,0,1,0,482,0
1081241.0,2,0.2560485243075248,1,49,0,0,0,0,0,677,1
150797.0,4,0.1529111169499633,0,90,1,0,0,0,0,548,0
482038.0,1,0.0,0,57,0,0,0,0,0,716,0
90697.0,1,0.0,1,19,0,0,0,1,0,710,0
1015084.0,0,0.14005812922739702,0,39,1,0,0,0,0,681,0
373951.0,0,0.0,1,33,0,0,0,1,0,652,0
681541.0,1,0.10065373920409554,1,42,0,0,0,0,0,514,0
81316.0,5,0.15234588428132712,1,33,1,0,0,0,0,673,0
477084.0,0,0.15653265744720612,0,16,0,0,0,0,0,601,0
93252.0,2,0.17038987453691407,2,38,0,0,0,0,0,754,0
1386242.0,0,0.16657551819593544,1,59,0,0,0,0,0,655,0
94090.0,1,0.15380046409424683,0,73,1,0,0,0,0,637,0
61840.0,1,0.05941942971696869,1,17,0,0,0,0,0,746,0
103784.0,0,0.10253091647543074,0,179,1,0,0,0,0,643,0
329572.0,1,0.2580282968480465,2,48,0,0,0,0,0,500,0
432552.0,0,0.07562433634601376,1,78,0,0,0,0,0,340,0
108401.0,1,0.08247226805070443,0,57,0,0,0,1,0,531,0
176402.0,2,0.16635498949440145,0,37,1,0,0,0,0,752,0
69641.0,0,0.13006316152536163,1,71,1,0,0,0,0,734,0
116854.0,1,0.09936979480652867,0,72,0,0,0,0,0,802,0
324271.0,0,0.2172342884334319,2,94,0,0,0,0,0,573,1
532389.0,1,0.01673200327883471,1,7,0,0,0,0,0,799,0
64156.0,2,0.08133587953817112,0,45,1,0,0,0,0,479,0
162255.0,2,0.06871833392673299,0,66,0,0,0,0,0,626,0
98820.0,0,0.16824911974480122,1,28,1,0,0,0,0,615,0
1081241.0,2,0.2560485243075248,1,49,0,0,0,0,0,677,1
153079.0,0,0.17739845951165106,1,161,0,0,0,0,0,531,0
97332.0,1,0.006339980178533281,1,57,1,0,0,0,0,711,0
69145.0,2,0.0,0,48,0,0,0,0,0,524,0
133594.0,2,0.12235736403236612,1,17,0,0,0,0,0,851,0
191966.0,1,0.16249061338015866,0,90,0,0,0,0,0,548,0
169313.0,0,0.2132583842398371,1,25,0,0,0,0,0,672,0
109337.0,0,0.03859446219144698,0,41,0,0,0,0,0,691,0
206395.0,2,0.2033500455479122,0,36,0,0,0,0,0,695,0
89875.0,1,0.13887733887733889,0,55,0,1,0,0,0,568,0
426894.0,0,0.0722215518281646,1,46,0,0,0,0,0,667,0
180516.0,1,0.039887538431674585,1,32,0,0,0,0,0,444,0
66675.0,0,0.15330899681841392,0,45,0,0,0,0,0,351,0
72390.0,1,0.06914678477934517,0,60,0,0,0,1,0,626,0
100134.0,0,0.06820387008763777,0,95,1,0,0,0,0,689,0
182779.0,2,0.09279761671109461,1,39,0,0,0,0,0,582,0
931275.0,1,0.09605459338019963,0,40,1,0,1,0,0,588,0
83278.0,0,0.15010505305179114,0,61,1,0,0,0,0,763,0
198441.0,2,0.0,0,30,1,0,0,0,0,648,0
324612.0,0,0.11909397715472482,1,76,0,0,0,0,0,651,0
300460.0,0,0.06244687205642475,1,111,0,0,0,0,0,562,0
239679.0,0,0.11092228550431747,1,48,0,0,0,0,0,852,0
120110.0,0,0.12321885995777622,1,50,0,0,0,0,0,464,0
147044.0,0,0.08892452226002248,0,52,0,0,0,0,0,638,0
103209.0,1,0.19337215997550722,1,15,0,0,0,1,0,649,0
915101.0,1,0.1675833821776347,0,122,0,0,0,0,0,671,0
374576.0,0,0.06877730793631304,0,39,0,0,0,1,0,593,0
101920.0,4,0.1381390377993426,0,21,0,0,0,0,0,686,0
142964.0,1,0.16720684330889293,0,20,0,0,0,0,0,684,0
1081241.0,2,0.2560485243075248,1,49,0,0,0,0,0,677,1
327254.0,0,0.07372435177092437,1,76,0,0,1,1,0,744,0
769624.0,1,0.005588907210828266,1,19,0,0,0,0,0,675,0
1081241.0,2,0.2560485243075248,1,49,0,0,0,0,0,677,1
126872.0,1,0.09446470003314551,1,115,0,0,0,0,0,763,0
174028.0,1,0.04048993923765894,0,57,0,1,1,0,0,639,0
94072.0,0,0.035427705230367,1,94,0,0,0,0,0,663,0
102626.0,2,0.06357648619741954,0,7,0,0,0,0,0,556,0
151056.0,1,0.062433252167969584,0,38,0,0,0,0,0,594,0
336280.0,0,0.13962369047951823,1,48,1,0,0,0,0,684,0
141542.0,0,0.12173155835480484,0,44,0,0,0,0,0,511,0
236804.0,0,0.12379301509343761,0,50,0,0,0,0,0,362,0
96135.0,2,0.07733333333333334,0,33,0,0,0,1,0,621,0
263205.0,1,0.12145997394278966,0,47,0,1,0,0,0,637,0
292119.0,0,0.10203283273558814,0,64,0,0,0,0,0,851,0
203553.0,0,0.13659808322435124,1,26,0,0,0,0,0,812,0
78955.0,1,0.12762196826728175,1,38,0,0,0,1,0,584,0
142142.0,0,0.06110590928006658,0,82,1,0,0,0,0,786,0
382850.0,0,0.16196894938773998,1,37,0,1,0,0,0,749,0
241214.0,0,0.09376301953667215,0,26,0,0,0,0,0,863,0
141364.0,0,0.06803400500443514,1,54,0,0,0,0,0,791,0
188534.0,1,0.06803670320021,0,122,1,0,0,0,0,649,0
412794.0,0,0.18907712934598753,1,30,1,0,0,1,0,551,0
25364.0,0,0.002123932813659985,0,22,0,0,0,0,0,839,0
334549.0,0,0.03887907961834061,0,47,0,0,0,0,0,695,0
90018.0,0,0.16263455056988949,0,42,0,0,0,0,0,730,0
256388.0,0,0.0,1,26,0,0,0,0,0,477,0
1081241.0,2,0.2560485243075248,1,49,0,0,0,0,0,677,1
200925.0,0,0.06655300137256204,2,15,1,0,0,0,0,638,0
388303.0,0,0.046675868555289934,1,34,0,0,0,0,0,409,0
99425.0,1,0.029344109990739276,0,60,1,0,0,0,0,747,0
212700.0,0,0.10167887818496545,0,17,1,0,0,0,0,678,0
436572.0,1,0.06296203769840572,2,45,0,0,1,0,0,722,0
282844.0,0,0.013804444284549336,0,59,0,0,0,0,0,553,0
164833.0,1,0.19731305715667613,0,31,1,0,0,0,0,577,0
534588.0,1,0.08695902541396873,1,127,1,0,0,0,0,596,0
133514.0,1,0.0,0,26,0,0,0,0,0,543,0
88397.0,0,0.0171637382160678,0,110,1,0,0,0,0,663,0
361045.0,0,0.09121265377855887,1,9,0,0,1,0,0,475,0
454341.0,2,0.07158407785430439,0,34,0,0,1,0,0,823,0
29100.0,0,0.06900288476228421,0,58,1,0,1,0,0,792,0
151428.0,1,0.06368066374778569,0,22,1,0,0,0,0,499,0
218005.0,0,0.04894170125400647,1,80,0,1,0,0,0,788,0
343781.0,0,0.02270943518702929,0,74,1,0,0,0,0,477,0
127983.0,0,0.02534554498863526,0,63,1,0,0,1,0,823,0
582322.0,2,0.12817959983323957,0,21,0,0,1,0,0,575,0
202810.0,1,0.015522425119788427,0,93,0,0,0,0,0,909,0
389757.0,3,0.04638306136970668,0,41,0,0,0,0,0,693,0
444175.0,2,0.08071369125371342,1,109,0,0,0,1,0,471,0
94614.0,1,0.1983473614332429,0,40,0,0,0,0,0,459,0
211802.0,0,0.0,1,20,0,0,0,0,0,573,0
164467.0,0,0.10546132266430074,0,66,0,0,0,0,0,615,0
